1,0.011548,0.02253,0.033515,0.044474,0.054513,0.068485,0.080477,0.091441,0.10247,0.11346,0.12446,0.13543,0.14548,0.15646,0.17045,0.18348,0.19446,0.20748,0.22052,0.23448,0.24747,0.25843,0.26945,0.28047,0.29445,0.30748,0.31948,0.33145,0.34452,0.35649,0.36948,0.38045,0.3905,0.40145,0.41346,0.42443,0.43545,0.44548,0.45646,0.4684,0.47847,0.49246,0.50248,0.51251,0.52646,0.54047,0.55352,0.56546,0.57647,0.58944,0.59947,0.61347,0.62445,0.63686,0.64746,0.65946,0.67046,0.68347,0.69546,0.70848,0.7215,0.7325,0.74546,0.75643,0.76647,0.77948,0.79345,0.80646,0.81947,0.83246,0.84551,0.85751,0.8685,0.87945,0.89054,0.90146,0.91345,0.92442,0.93544,0.94646,0.95746,0.96852,0.97946,0.99146
2,0.012536,0.022571,0.035571,0.04561,0.059564,0.072588,0.083526,0.094548,0.10759,0.11857,0.12861,0.14159,0.15258,0.16553,0.17756,0.18855,0.19957,0.21162,0.22556,0.23657,0.24854,0.25857,0.27256,0.28357,0.29459,0.30858,0.32156,0.33253,0.34258,0.35654,0.36856,0.37861,0.38956,0.40056,0.41155,0.42457,0.43557,0.44856,0.46161,0.47256,0.48555,0.49853,0.50856,0.51955,0.53056,0.54151,0.55256,0.56461,0.57555,0.58856,0.59956,0.61054,0.62473,0.63656,0.64854,0.66156,0.6716,0.68257,0.69557,0.70651,0.71657,0.72756,0.73856,0.7515,0.76157,0.77456,0.78755,0.80056,0.81059,0.82455,0.83661,0.84857,0.86257,0.87352,0.88356,0.89454,0.90755,0.92059,0.93155,0.94258,0.95355,0.96655,0.97756,0.99055
3,0.012586,0.024558,0.036619,0.048563,0.059577,0.07349,0.083568,0.094569,0.10555,0.11653,0.12761,0.14056,0.15058,0.1636,0.17454,0.18655,0.19754,0.20757,0.21958,0.23056,0.2435,0.25355,0.26556,0.27856,0.31176,0.32365,0.33566,0.35165,0.36354,0.37358,0.38455,0.39556,0.40654,0.42054,0.43155,0.44255,0.45559,0.46655,0.47867,0.49152,0.50254,0.51264,0.52356,0.53549,0.54656,0.56056,0.57452,0.58455,0.59555,0.60855,0.61954,0.63055,0.64459,0.65752,0.67055,0.68357,0.69453,0.70657,0.71857,0.72954,0.74052,0.75055,0.76356,0.77555,0.78859,0.80054,0.81155,0.82352,0.83355,0.84453,0.85554,0.86849,0.87956,0.89054,0.90055,0.91358,0.92455,0.93755,0.9505,0.96065,0.97155,0.98455,0.9946
4,0.012513,0.023544,0.036564,0.047507,0.057601,0.068553,0.081564,0.093526,0.10356,0.11358,0.12772,0.13849,0.14957,0.16258,0.17361,0.18457,0.19459,0.20555,0.21652,0.22657,0.23955,0.25356,0.26659,0.27956,0.29055,0.30252,0.31354,0.32455,0.33554,0.34859,0.35955,0.37257,0.38353,0.3957,0.40765,0.4223,0.43456,0.44653,0.45756,0.46951,0.48156,0.49555,0.50853,0.51857,0.52955,0.53957,0.55053,0.56154,0.57355,0.58455,0.59761,0.60955,0.62256,0.63351,0.64357,0.65456,0.66556,0.67849,0.68855,0.70053,0.71057,0.72149,0.73353,0.74555,0.75853,0.76857,0.78257,0.79353,0.80659,0.82053,0.83055,0.84449,0.85554,0.86555,0.87655,0.8896,0.90055,0.91454,0.92552,0.93554,0.94654,0.95753,0.96851,0.97855,0.98954
5,0.012562,0.023565,0.03458,0.046564,0.059504,0.070559,0.08155,0.092562,0.10558,0.11656,0.13056,0.14251,0.15354,0.16458,0.17556,0.18562,0.19756,0.20855,0.22154,0.23257,0.24357,0.25456,0.26651,0.27656,0.28958,0.29961,0.3126,0.32355,0.33456,0.34568,0.35755,0.37057,0.38256,0.3956,0.40656,0.41755,0.42855,0.43958,0.45056,0.46454,0.47761,0.48856,0.49957,0.51352,0.52357,0.53554,0.54857,0.5606,0.57255,0.58455,0.59752,0.60856,0.61861,0.62955,0.6425,0.65256,0.66354,0.67556,0.68563,0.69655,0.70956,0.7235,0.73354,0.74655,0.76054,0.77059,0.78357,0.79655,0.8085,0.81954,0.83155,0.84456,0.85658,0.87086,0.88254,0.89559,0.90956,0.92055,0.9315,0.94155,0.95353,0.96455,0.9755,0.98555,0.99655
5,0.011563,0.023585,0.034807,0.046562,0.057525,0.068572,0.080565,0.091563,0.1036,0.11454,0.12461,0.13556,0.14561,0.15654,0.16857,0.18153,0.19156,0.20159,0.21456,0.22761,0.23855,0.24857,0.25954,0.26961,0.28057,0.29163,0.30255,0.31469,0.32657,0.33756,0.34852,0.35856,0.36858,0.37956,0.39151,0.40256,0.41354,0.42556,0.43561,0.44857,0.45956,0.46965,0.48056,0.49157,0.50255,0.51556,0.52656,0.53957,0.55154,0.56456,0.57858,0.59156,0.60161,0.61357,0.62655,0.63657,0.64757,0.66055,0.67454,0.6866,0.69755,0.70856,0.72153,0.73155,0.74455,0.75555,0.76569,0.77755,0.78858,0.80256,0.81259,0.82555,0.83856,0.8495,0.86056,0.87455,0.88754,0.89856,0.91255,0.92455,0.93461,0.94555,0.95857,0.97153,0.98155,0.99255
1,0.012523,0.023434,0.033461,0.045456,0.058479,0.069524,0.081468,0.091488,0.10245,0.11252,0.12347,0.13447,0.14643,0.15649,0.16746,0.17848,0.19042,0.20149,0.21245,0.22648,0.23751,0.25147,0.26247,0.27343,0.28345,0.29447,0.30546,0.31853,0.33047,0.34147,0.35249,0.36251,0.37645,0.38947,0.40252,0.41348,0.42446,0.43545,0.44846,0.46047,0.47147,0.48441,0.49451,0.50546,0.51747,0.52752,0.53946,0.55047,0.56144,0.57248,0.58346,0.59445,0.60544,0.61547,0.62646,0.63755,0.64843,0.65946,0.67075,0.68151,0.69451,0.70647,0.71746,0.72946,0.74047,0.75247,0.76346,0.77442,0.78547,0.79746,0.80847,0.81852,0.83044,0.84144,0.85244,0.8625,0.87446,0.88646,0.89842,0.90848,0.91944,0.93046,0.94141,0.95349,0.96546,0.97744,0.98946
3,0.012515,0.023548,0.034569,0.046585,0.056617,0.068571,0.080548,0.093532,0.10356,0.11559,0.12656,0.13961,0.15057,0.16156,0.17255,0.18359,0.19456,0.20758,0.22051,0.23057,0.24154,0.25256,0.2635,0.27356,0.28454,0.29556,0.30661,0.31857,0.33056,0.34269,0.35454,0.36655,0.37856,0.38961,0.40058,0.41156,0.42354,0.43458,0.44856,0.45956,0.47062,0.48156,0.49354,0.50556,0.51658,0.52756,0.53957,0.55052,0.56055,0.57158,0.58356,0.59452,0.60556,0.61757,0.62956,0.63961,0.65156,0.66356,0.67458,0.68555,0.69855,0.71255,0.72261,0.73455,0.74757,0.75853,0.76956,0.78155,0.79356,0.8066,0.81756,0.82955,0.84054,0.85254,0.86656,0.87755,0.89059,0.90155,0.91255,0.92453,0.93457,0.94655,0.95756,0.97049,0.98056,0.99155
4,0.012564,0.02262,0.034564,0.04656,0.058542,0.068576,0.082571,0.093554,0.10451,0.11554,0.12755,0.13875,0.15257,0.16556,0.17656,0.18751,0.19856,0.20955,0.22256,0.2326,0.24456,0.28378,0.29568,0.30764,0.32265,0.33456,0.34656,0.3576,0.36956,0.38156,0.39254,0.40356,0.41455,0.42557,0.43651,0.44754,0.45756,0.46856,0.48161,0.49256,0.50354,0.51356,0.5236,0.53456,0.54557,0.55755,0.5696,0.58155,0.59356,0.6045,0.61554,0.62755,0.63956,0.6496,0.66156,0.67256,0.68454,0.69654,0.70854,0.71956,0.7326,0.74355,0.75455,0.76654,0.77858,0.79057,0.80256,0.81559,0.82656,0.83753,0.84855,0.85955,0.87055,0.88255,0.89352,0.90359,0.91455,0.92655,0.93748,0.94856,0.96056,0.97255,0.98655,0.99856
5,0.012517,0.023568,0.034573,0.046594,0.05857,0.070592,0.081575,0.091612,0.10355,0.11555,0.12752,0.13756,0.14856,0.16056,0.17152,0.18257,0.19457,0.20656,0.21661,0.22858,0.23957,0.25057,0.26156,0.27259,0.28357,0.29452,0.30455,0.31458,0.32556,0.33852,0.34856,0.36158,0.37553,0.38856,0.39954,0.41157,0.42461,0.43556,0.44957,0.46153,0.47156,0.48254,0.49356,0.5045,0.51554,0.52556,0.53656,0.54749,0.55857,0.57157,0.58256,0.5926,0.60354,0.61457,0.62553,0.63557,0.64661,0.65755,0.66951,0.67956,0.69056,0.70157,0.71449,0.72656,0.73856,0.74954,0.76256,0.77455,0.78556,0.79749,0.80755,0.81757,0.83056,0.84061,0.85256,0.86356,0.87751,0.89057,0.90255,0.91554,0.92559,0.93658,0.94855,0.96251,0.97354,0.98455,0.99854
6,0.012554,0.02457,0.036528,0.047629,0.059585,0.070558,0.083621,0.094567,0.10558,0.11657,0.12661,0.13756,0.14855,0.15956,0.1706,0.18157,0.19356,0.20552,0.21756,0.22958,0.24156,0.25359,0.26456,0.27555,0.28652,0.29656,0.30756,0.31956,0.3305,0.34156,0.35256,0.36356,0.37473,0.38666,0.39856,0.41053,0.42156,0.43355,0.44456,0.45651,0.46657,0.47857,0.49055,0.50061,0.51256,0.52356,0.53554,0.54656,0.55858,0.56956,0.58061,0.59254,0.60356,0.61456,0.62462,0.63555,0.64657,0.65855,0.6686,0.67954,0.68961,0.70054,0.71157,0.72354,0.73456,0.74551,0.75554,0.76657,0.77754,0.7895,0.80055,0.81156,0.82356,0.8346,0.84557,0.85752,0.86952,0.88056,0.89257,0.90457,0.91661,0.92855,0.94055,0.95253,0.96354,0.97556,0.98656,0.99749
7,0.012556,0.025623,0.037562,0.048563,0.05957,0.069602,0.081563,0.093577,0.10652,0.1176,0.12957,0.14157,0.15161,0.16257,0.17358,0.18752,0.19756,0.21164,0.22356,0.23455,0.24756,0.25856,0.27052,0.28157,0.29357,0.31267,0.32466,0.33664,0.34864,0.36257,0.37459,0.38556,0.39653,0.40656,0.41856,0.43059,0.44149,0.45156,0.46357,0.47555,0.48757,0.49856,0.50956,0.52151,0.53156,0.54254,0.55456,0.5655,0.57657,0.58756,0.59856,0.60862,0.62056,0.63357,0.6475,0.65755,0.66956,0.68155,0.6936,0.70861,0.72056,0.7346,0.74655,0.75856,0.77053,0.78056,0.79254,0.80355,0.81549,0.82656,0.83856,0.85055,0.8606,0.87156,0.88357,0.89454,0.90555,0.91656,0.92854,0.9405,0.95056,0.96255,0.97355,0.98361,0.99459
10,0.012547,0.023559,0.034576,0.047609,0.058558,0.071575,0.082543,0.09256,0.10356,0.11357,0.12553,0.13555,0.14656,0.16056,0.17359,0.18658,0.19857,0.2115,0.22355,0.23757,0.25152,0.26254,0.27556,0.28656,0.29662,0.30755,0.31857,0.32957,0.34157,0.35256,0.36356,0.37652,0.38656,0.39957,0.41157,0.4226,0.43355,0.44757,0.45853,0.47054,0.48356,0.49655,0.5066,0.51957,0.53055,0.54151,0.55155,0.56257,0.57456,0.58761,0.59856,0.61055,0.62154,0.63554,0.64655,0.65956,0.67048,0.68055,0.69356,0.70455,0.71459,0.72653,0.73754,0.74952,0.75955,0.77055,0.78255,0.79351,0.80355,0.81455,0.82555,0.8386,0.84958,0.86354,0.87453,0.88455,0.89557,0.90758,0.91851,0.92954,0.94055,0.95255,0.96358,0.97455,0.98558,0.99951
11,0.012566,0.02355,0.035498,0.04556,0.057558,0.068554,0.078616,0.090585,0.10258,0.11453,0.12557,0.13757,0.14955,0.1605,0.17158,0.18358,0.19554,0.20657,0.21855,0.23055,0.24351,0.25357,0.26454,0.27556,0.28959,0.30056,0.31456,0.32651,0.33755,0.34854,0.3606,0.3716,0.38356,0.39456,0.40752,0.41854,0.42959,0.44157,0.4526,0.46454,0.47557,0.48656,0.4966,0.51369,0.52567,0.53773,0.54963,0.56057,0.57455,0.58656,0.59757,0.60855,0.6216,0.63357,0.64586,0.65653,0.66655,0.67755,0.68857,0.70051,0.71155,0.72256,0.73454,0.7456,0.75757,0.76954,0.78054,0.79155,0.80357,0.81456,0.82551,0.83656,0.84856,0.8606,0.87455,0.88654,0.89854,0.9095,0.92056,0.93256,0.94455,0.95459,0.96555,0.97685,0.98852,0.99855
12,0.012584,0.024578,0.03652,0.047594,0.059547,0.070565,0.080621,0.092553,0.10356,0.11456,0.12462,0.13556,0.14856,0.15954,0.16957,0.18056,0.19157,0.20252,0.21455,0.22558,0.23758,0.24861,0.26169,0.27365,0.2856,0.29765,0.30957,0.32156,0.3326,0.34354,0.35457,0.3656,0.37657,0.38758,0.39855,0.40953,0.42156,0.43258,0.44656,0.45661,0.46756,0.47956,0.49152,0.50156,0.51354,0.52457,0.53652,0.54756,0.55954,0.57154,0.5816,0.59357,0.60556,0.61753,0.62955,0.64079,0.65255,0.66461,0.67555,0.68756,0.70152,0.71354,0.72357,0.73755,0.75057,0.76254,0.77356,0.78552,0.79654,0.80854,0.8226,0.83458,0.84655,0.85755,0.86951,0.88055,0.89255,0.90455,0.91558,0.92755,0.93855,0.95051,0.96054,0.97383,0.98457,0.9976
13,0.012566,0.024556,0.036565,0.04858,0.060595,0.071593,0.08353,0.095571,0.10757,0.11956,0.12962,0.14161,0.15257,0.16354,0.17358,0.18459,0.19558,0.20775,0.21957,0.23057,0.24158,0.25263,0.26558,0.27757,0.28954,0.30158,0.31358,0.32557,0.33861,0.35057,0.36257,0.37453,0.38657,0.39856,0.41056,0.42062,0.43159,0.44256,0.45356,0.46458,0.47556,0.48856,0.49952,0.51055,0.52058,0.53158,0.54252,0.55355,0.56555,0.57755,0.58858,0.60256,0.61456,0.62552,0.63656,0.64856,0.65957,0.66962,0.68156,0.69356,0.70454,0.71457,0.72657,0.73756,0.75052,0.76057,0.77158,0.78636,0.7966,0.80759,0.8186,0.82953,0.83957,0.85057,0.86157,0.87353,0.88356,0.89554,0.90656,0.91751,0.92856,0.94056,0.95255,0.9626,0.97456,0.98554,0.99654
14,0.012619,0.024557,0.036591,0.048626,0.060573,0.071622,0.082572,0.094573,0.10655,0.11757,0.12858,0.13958,0.15159,0.16258,0.17455,0.18559,0.19562,0.20758,0.21955,0.23155,0.24258,0.25471,0.26558,0.27962,0.29057,0.30157,0.31257,0.32358,0.33757,0.34957,0.36262,0.37356,0.38457,0.39557,0.40561,0.41657,0.42857,0.43956,0.45056,0.46157,0.47557,0.48663,0.49855,0.50956,0.52255,0.53257,0.54356,0.55456,0.56663,0.5786,0.59157,0.60258,0.6136,0.62558,0.63655,0.64758,0.65856,0.66957,0.68157,0.69252,0.70357,0.71557,0.72756,0.7386,0.75056,0.76263,0.77453,0.78457,0.79656,0.80757,0.81851,0.82956,0.84156,0.85355,0.86463,0.87656,0.88857,0.90052,0.91257,0.92456,0.93557,0.94562,0.95755,0.96857,0.98053,0.99156
15,0.01254,0.022575,0.033576,0.045548,0.058628,0.070573,0.081559,0.095523,0.10956,0.12057,0.13189,0.14262,0.15455,0.16556,0.17656,0.18759,0.19856,0.20954,0.22054,0.23057,0.24261,0.25456,0.26761,0.28057,0.29156,0.30453,0.31556,0.32757,0.34156,0.3526,0.36455,0.37556,0.38654,0.39755,0.41057,0.42156,0.4325,0.44255,0.45356,0.46656,0.4766,0.48855,0.49955,0.51063,0.52255,0.53359,0.54456,0.55552,0.56656,0.57858,0.58956,0.60065,0.61454,0.62556,0.63654,0.64755,0.65856,0.66954,0.68052,0.69154,0.70156,0.71255,0.72561,0.73756,0.74758,0.75854,0.76859,0.77955,0.79156,0.80353,0.81356,0.82455,0.83555,0.84652,0.85654,0.86656,0.87757,0.88851,0.89955,0.91055,0.92155,0.93249,0.94355,0.95656,0.96754,0.97858,0.98952
1,0.012483,0.026493,0.038481,0.05048,0.061425,0.07347,0.084472,0.096482,0.10751,0.11947,0.13147,0.14244,0.15248,0.16446,0.17647,0.18742,0.19848,0.20946,0.22047,0.23052,0.24245,0.25347,0.26546,0.27649,0.28746,0.30768,0.31964,0.3316,0.34655,0.36047,0.37146,0.38248,0.39343,0.40349,0.41446,0.42546,0.43853,0.44946,0.46047,0.47145,0.48448,0.49848,0.51246,0.52252,0.53447,0.54547,0.55844,0.56947,0.58146,0.59247,0.60552,0.61847,0.62953,0.64043,0.65051,0.66246,0.67546,0.68852,0.69946,0.71044,0.72345,0.73446,0.74547,0.75549,0.76644,0.77747,0.78848,0.8025,0.81352,0.82546,0.83646,0.84746,0.8575,0.87148,0.88252,0.89441,0.90446,0.91544,0.92846,0.93852,0.95044,0.96152,0.97245,0.98249,0.99348
3,0.012544,0.024567,0.036564,0.048557,0.059565,0.071566,0.08356,0.095509,0.10655,0.11858,0.12957,0.13961,0.15155,0.16256,0.17456,0.18555,0.19656,0.20854,0.21952,0.22958,0.24057,0.25257,0.2636,0.27456,0.28556,0.29757,0.30759,0.31954,0.33057,0.34452,0.35554,0.36754,0.37856,0.3906,0.40258,0.41454,0.42652,0.43658,0.44856,0.46056,0.47261,0.48457,0.49656,0.50853,0.51954,0.53057,0.54258,0.5535,0.56456,0.57657,0.58854,0.5986,0.61057,0.62155,0.63353,0.64356,0.65555,0.66654,0.67961,0.69154,0.70255,0.71355,0.7236,0.73555,0.74655,0.75754,0.76857,0.77962,0.79056,0.80249,0.81356,0.82454,0.83755,0.8476,0.85955,0.87155,0.88352,0.89453,0.90654,0.91856,0.9306,0.94255,0.95455,0.96651,0.97655,0.98858
4,0.012585,0.023544,0.034586,0.046579,0.05756,0.069506,0.08055,0.091618,0.10254,0.11362,0.12754,0.13856,0.14955,0.16056,0.17156,0.18356,0.19452,0.20456,0.21556,0.22656,0.23863,0.25057,0.26256,0.27354,0.28654,0.29956,0.3139,0.32755,0.33851,0.34954,0.36052,0.37056,0.38256,0.39456,0.40561,0.41656,0.42857,0.43955,0.45058,0.46155,0.47256,0.48352,0.49355,0.50455,0.51856,0.53259,0.54357,0.55455,0.56653,0.57755,0.59154,0.60255,0.61361,0.62457,0.63754,0.64952,0.66057,0.67155,0.68355,0.69451,0.70554,0.71656,0.72755,0.73959,0.75055,0.76256,0.77354,0.78457,0.79654,0.80756,0.8195,0.83054,0.84357,0.85455,0.8646,0.87854,0.88955,0.90349,0.91355,0.9245,0.93456,0.9455,0.95653,0.96756,0.98056,0.99059
5,0.012549,0.023566,0.034624,0.045578,0.057585,0.069559,0.080587,0.091568,0.10259,0.11451,0.12455,0.13555,0.14556,0.15657,0.16857,0.18055,0.19255,0.2036,0.21556,0.22757,0.24154,0.25358,0.26756,0.27855,0.28858,0.29956,0.31057,0.32251,0.33254,0.34259,0.35659,0.3696,0.38155,0.39256,0.40353,0.41456,0.42855,0.44056,0.45359,0.46456,0.47458,0.48655,0.49756,0.51056,0.52154,0.53251,0.54256,0.55456,0.56854,0.5786,0.58956,0.60154,0.61254,0.62355,0.63656,0.64855,0.66259,0.67557,0.68656,0.69751,0.70754,0.71756,0.72856,0.73952,0.75156,0.76255,0.77655,0.7866,0.79756,0.80955,0.82054,0.83155,0.84254,0.85455,0.86752,0.87954,0.89355,0.90751,0.91755,0.92959,0.94156,0.9516,0.96457,0.97656,0.98753,0.99857
6,0.011563,0.023587,0.036606,0.047555,0.059558,0.071536,0.082559,0.093578,0.10556,0.11751,0.12857,0.14054,0.15256,0.16359,0.17555,0.18655,0.19852,0.21055,0.22256,0.23359,0.2446,0.25774,0.26857,0.28053,0.29055,0.30455,0.31854,0.33058,0.34458,0.35655,0.3696,0.38155,0.39355,0.40454,0.41457,0.42655,0.43754,0.44851,0.46055,0.47157,0.48254,0.49559,0.50757,0.51955,0.53052,0.54054,0.55155,0.56355,0.57458,0.58655,0.59855,0.61055,0.62059,0.63155,0.64254,0.6565,0.66756,0.67953,0.69056,0.70359,0.71755,0.72855,0.74051,0.75155,0.76256,0.77455,0.78461,0.79655,0.80856,0.82053,0.83057,0.84255,0.85456,0.86649,0.87753,0.89153,0.90552,0.91555,0.92756,0.93955,0.95049,0.96154,0.97255,0.98355,0.9936
7,0.012564,0.024567,0.036525,0.049575,0.06056,0.072549,0.083619,0.095562,0.10659,0.11755,0.12859,0.14056,0.15261,0.16352,0.17458,0.18658,0.19855,0.20961,0.22158,0.23354,0.24453,0.25567,0.26758,0.27956,0.29048,0.30156,0.31256,0.32356,0.33361,0.34457,0.35758,0.36853,0.37957,0.39155,0.40256,0.41352,0.42454,0.43657,0.44855,0.4596,0.47156,0.48354,0.49453,0.50554,0.51658,0.52854,0.5395,0.55056,0.56256,0.57356,0.5836,0.59555,0.60659,0.61853,0.62957,0.64054,0.65156,0.66252,0.67459,0.68657,0.69854,0.7096,0.72056,0.73255,0.74354,0.75356,0.76456,0.77555,0.78653,0.79855,0.81054,0.82156,0.83261,0.84456,0.85657,0.86854,0.87955,0.89055,0.90255,0.9135,0.92455,0.93554,0.94755,0.95959,0.97156,0.98555,0.9965
8,0.012585,0.024566,0.038586,0.049773,0.06058,0.071578,0.082561,0.094564,0.10657,0.11751,0.1286,0.13956,0.15156,0.16162,0.17355,0.18659,0.19952,0.21055,0.22257,0.23355,0.2466,0.25956,0.27055,0.28153,0.29356,0.30454,0.31557,0.3265,0.33754,0.34858,0.35957,0.36962,0.38155,0.39257,0.40356,0.41458,0.42554,0.43557,0.44653,0.45656,0.46756,0.47856,0.49052,0.50054,0.51154,0.52256,0.5335,0.54457,0.55655,0.57066,0.58456,0.59657,0.61056,0.62356,0.63454,0.64554,0.65653,0.66655,0.67755,0.68954,0.70359,0.71656,0.72755,0.73853,0.74857,0.75955,0.77056,0.7825,0.79354,0.80355,0.81457,0.82549,0.83656,0.84754,0.85756,0.86961,0.88055,0.89456,0.90652,0.91656,0.93054,0.94055,0.95149,0.96155,0.97256,0.98354,0.99361
9,0.011567,0.023551,0.034569,0.04556,0.057577,0.070502,0.081565,0.092579,0.10358,0.11461,0.12556,0.13558,0.14754,0.16057,0.17256,0.18356,0.19661,0.20757,0.22155,0.23452,0.24554,0.25756,0.26856,0.27962,0.29055,0.30255,0.31454,0.32558,0.33655,0.35057,0.3615,0.37156,0.38457,0.39555,0.4056,0.41654,0.42755,0.44153,0.45156,0.46356,0.47755,0.48762,0.50155,0.51455,0.52859,0.53965,0.55056,0.56155,0.5716,0.58358,0.59456,0.60555,0.61656,0.63057,0.64155,0.65461,0.66655,0.68054,0.69152,0.70254,0.71455,0.72554,0.7386,0.75051,0.76055,0.77155,0.78357,0.79556,0.80655,0.8195,0.83054,0.84155,0.85254,0.86261,0.87355,0.88565,0.89754,0.90761,0.92153,0.93255,0.94349,0.95455,0.96553,0.97656,0.98761,0.99855
10,0.012574,0.024569,0.03659,0.046616,0.058512,0.071571,0.08254,0.094567,0.10657,0.12056,0.13061,0.14256,0.15356,0.16552,0.17556,0.18656,0.19658,0.20752,0.21857,0.22956,0.24057,0.2515,0.26257,0.27558,0.2867,0.30058,0.31455,0.32555,0.33861,0.34959,0.36057,0.37354,0.38356,0.39454,0.40655,0.41963,0.43157,0.44258,0.45656,0.46757,0.47957,0.49056,0.50151,0.51157,0.52356,0.53758,0.5485,0.55856,0.57255,0.58352,0.59356,0.60456,0.61556,0.62861,0.64055,0.65158,0.66355,0.67358,0.68556,0.69655,0.70753,0.71756,0.72956,0.74156,0.7525,0.76258,0.77457,0.78556,0.7966,0.80856,0.82054,0.83252,0.84254,0.85356,0.86557,0.87649,0.88756,0.89954,0.91055,0.92061,0.93257,0.94355,0.95456,0.96556,0.97756,0.98956
11,0.011589,0.025591,0.035646,0.046567,0.058582,0.070574,0.081586,0.092583,0.10358,0.11654,0.12659,0.13958,0.15059,0.16064,0.17159,0.18259,0.19359,0.2056,0.21858,0.22958,0.2435,0.25358,0.26658,0.27756,0.29058,0.30358,0.31459,0.32764,0.34159,0.35258,0.36555,0.37556,0.38958,0.40258,0.41659,0.42858,0.43959,0.45263,0.46357,0.47558,0.48956,0.50158,0.51368,0.52458,0.53563,0.54956,0.56258,0.57354,0.58356,0.59459,0.60556,0.61864,0.62958,0.64155,0.65258,0.66262,0.67357,0.68459,0.69755,0.70757,0.71855,0.73157,0.74252,0.75357,0.76459,0.77558,0.78761,0.79966,0.81157,0.82453,0.83557,0.84657,0.85757,0.86863,0.88157,0.89459,0.90653,0.91656,0.92755,0.94057,0.95361,0.96768,0.97858,0.98954
12,0.011574,0.022536,0.033612,0.045559,0.057549,0.069616,0.081544,0.092558,0.10455,0.11556,0.12656,0.1387,0.14952,0.16057,0.17154,0.18256,0.1946,0.20556,0.21757,0.22954,0.24056,0.25154,0.26456,0.27761,0.28957,0.30155,0.31254,0.3267,0.33866,0.35067,0.36266,0.37455,0.38555,0.39653,0.40762,0.41957,0.43155,0.44252,0.45455,0.46555,0.47655,0.48661,0.49757,0.50955,0.52053,0.53354,0.54455,0.55856,0.56862,0.57956,0.59055,0.60154,0.6116,0.62356,0.63555,0.64652,0.65756,0.66955,0.68155,0.69249,0.70353,0.71456,0.72555,0.73561,0.74655,0.75855,0.76954,0.77958,0.79056,0.80155,0.81453,0.82653,0.83757,0.84956,0.86259,0.87355,0.88553,0.89653,0.90754,0.91878,0.93053,0.94154,0.95355,0.96555,0.97654,0.9866,0.99756
13,0.012621,0.024552,0.035571,0.047563,0.057614,0.068562,0.079581,0.093523,0.10457,0.11655,0.12863,0.1395,0.14956,0.16356,0.17454,0.18557,0.19756,0.20955,0.2225,0.23454,0.24556,0.25866,0.27057,0.28257,0.29456,0.30551,0.31757,0.32955,0.34353,0.35456,0.36556,0.37655,0.3895,0.4006,0.41257,0.42454,0.43556,0.44954,0.46156,0.47461,0.48656,0.49857,0.50954,0.52156,0.53254,0.54356,0.5545,0.56458,0.57856,0.59054,0.60059,0.61254,0.62461,0.63553,0.64654,0.65756,0.66855,0.68161,0.69358,0.70567,0.71655,0.72954,0.74058,0.75155,0.7625,0.77255,0.78356,0.79555,0.80661,0.81758,0.82955,0.84154,0.85255,0.86355,0.87453,0.88552,0.89556,0.90755,0.91855,0.9295,0.94059,0.95254,0.96555,0.97559,0.98756,0.99855
14,0.011541,0.021594,0.032559,0.046547,0.057509,0.068555,0.079564,0.090572,0.10062,0.11256,0.1256,0.13754,0.14855,0.15956,0.17156,0.18461,0.19556,0.20654,0.21754,0.2276,0.23956,0.25061,0.26152,0.27157,0.28257,0.29356,0.30451,0.31456,0.32657,0.33756,0.34849,0.36055,0.37255,0.38355,0.3936,0.40555,0.41656,0.42755,0.43857,0.44954,0.46354,0.4745,0.48554,0.49656,0.50755,0.5176,0.52856,0.53955,0.55357,0.56459,0.57555,0.58654,0.59751,0.60757,0.61956,0.63157,0.64161,0.65354,0.66457,0.67555,0.68559,0.69756,0.70854,0.72152,0.73155,0.74257,0.75355,0.76661,0.77758,0.78856,0.80252,0.81356,0.82556,0.83771,0.84849,0.85955,0.87155,0.88355,0.8955,0.90655,0.91756,0.92853,0.94155,0.95254,0.96455,0.97461,0.98555,0.99755
15,0.011565,0.022509,0.034575,0.045585,0.056554,0.069582,0.080564,0.09257,0.1045,0.11559,0.12756,0.13957,0.15061,0.16258,0.17354,0.18553,0.19655,0.20854,0.22056,0.2315,0.24256,0.2597,0.27159,0.28365,0.29565,0.30756,0.31958,0.33156,0.34362,0.3545,0.36558,0.37654,0.38756,0.4006,0.41155,0.42555,0.43751,0.44855,0.45955,0.47056,0.48161,0.49355,0.50754,0.52052,0.53158,0.54356,0.55454,0.56561,0.57754,0.58954,0.60055,0.61155,0.62358,0.63455,0.64552,0.65655,0.66855,0.68055,0.69061,0.7016,0.71258,0.72455,0.73556,0.74755,0.75955,0.77051,0.78156,0.79355,0.80557,0.81561,0.82655,0.83856,0.84954,0.86256,0.87356,0.88455,0.89669,0.90763,0.91954,0.93352,0.94655,0.95855,0.96953,0.9826,0.99456
16,0.012565,0.024583,0.036575,0.047547,0.059549,0.071551,0.083514,0.09358,0.10456,0.11557,0.12561,0.13656,0.14755,0.15954,0.17058,0.18259,0.19456,0.20651,0.21656,0.22863,0.23959,0.24971,0.26156,0.27363,0.28554,0.29655,0.30856,0.32057,0.33151,0.34257,0.35456,0.36656,0.3766,0.38856,0.40057,0.41152,0.42155,0.43456,0.44656,0.4596,0.47156,0.48255,0.49354,0.50357,0.51455,0.52556,0.53754,0.54756,0.55957,0.57056,0.58361,0.59556,0.60755,0.61854,0.62966,0.64156,0.65457,0.66562,0.67757,0.68856,0.70055,0.71356,0.72554,0.73656,0.74748,0.75854,0.76955,0.78156,0.7916,0.80254,0.81355,0.82455,0.83656,0.84757,0.85857,0.87052,0.88154,0.89455,0.90655,0.9166,0.92857,0.94056,0.95251,0.96555,0.97657,0.98755
17,0.012564,0.024797,0.036529,0.046566,0.058559,0.070601,0.084662,0.095569,0.10761,0.11854,0.12956,0.14059,0.15255,0.16674,0.17856,0.18963,0.20053,0.21256,0.22456,0.23556,0.2475,0.25855,0.26956,0.28056,0.29061,0.30262,0.31455,0.32554,0.33656,0.34755,0.35856,0.36952,0.37954,0.39055,0.40254,0.4135,0.42456,0.43755,0.44954,0.46157,0.47457,0.48655,0.49659,0.50755,0.51956,0.53155,0.54259,0.55355,0.56553,0.5775,0.58754,0.59953,0.61055,0.62149,0.63255,0.64655,0.65854,0.66955,0.68353,0.69554,0.70649,0.71754,0.72855,0.74053,0.75059,0.76454,0.77554,0.78849,0.79954,0.81055,0.82157,0.83458,0.84654,0.85754,0.86853,0.87856,0.89056,0.90154,0.91448,0.92555,0.93755,0.94954,0.95958,0.97055,0.98156,0.99253
18,0.011515,0.022578,0.03457,0.046563,0.05661,0.068563,0.080561,0.092535,0.10457,0.11656,0.12757,0.13862,0.15054,0.16257,0.17454,0.18555,0.19759,0.20954,0.22051,0.23155,0.24257,0.25566,0.26758,0.27956,0.29061,0.3025,0.31256,0.32354,0.33456,0.34551,0.35557,0.36757,0.37956,0.38961,0.40056,0.41156,0.42256,0.43359,0.44457,0.45555,0.46654,0.47657,0.48755,0.50155,0.51461,0.52655,0.53856,0.54953,0.55958,0.57157,0.58356,0.59559,0.60756,0.61955,0.63155,0.64256,0.65355,0.66455,0.67555,0.68656,0.69856,0.71057,0.72161,0.73257,0.74354,0.75355,0.76361,0.77455,0.78557,0.79756,0.80759,0.81954,0.83055,0.84451,0.85554,0.86758,0.87955,0.8896,0.9006,0.91155,0.92552,0.93554,0.94556,0.95955,0.97049,0.98055,0.99254
19,0.012515,0.024546,0.036564,0.050545,0.062589,0.073563,0.08556,0.097498,0.10857,0.12056,0.13256,0.14359,0.15555,0.16656,0.18051,0.19157,0.20255,0.21556,0.22561,0.23756,0.24957,0.26266,0.27467,0.28666,0.29862,0.3096,0.32056,0.33256,0.34359,0.35455,0.36558,0.37656,0.38951,0.40055,0.41155,0.42558,0.43658,0.44858,0.45956,0.47053,0.48056,0.49255,0.50356,0.51661,0.52855,0.54155,0.55252,0.5626,0.57356,0.58556,0.59751,0.60855,0.61955,0.63054,0.64359,0.65455,0.66854,0.67952,0.68955,0.70055,0.71155,0.7246,0.73655,0.74855,0.76053,0.77057,0.78254,0.79355,0.80649,0.81755,0.82853,0.83956,0.84961,0.86155,0.87354,0.88452,0.89557,0.90753,0.92055,0.93149,0.94255,0.95556,0.96654,0.97658,0.99054
20,0.011558,0.022569,0.033565,0.044548,0.058495,0.07055,0.080573,0.092556,0.10261,0.1146,0.12656,0.13754,0.14758,0.15958,0.17179,0.18351,0.19356,0.20556,0.21954,0.23256,0.24457,0.25856,0.27156,0.28556,0.29756,0.31061,0.32155,0.33256,0.35174,0.3647,0.37667,0.38861,0.39955,0.41056,0.42256,0.43349,0.44456,0.45556,0.46953,0.48262,0.49456,0.50554,0.51651,0.52657,0.53754,0.54856,0.55961,0.57055,0.58154,0.59157,0.6026,0.61355,0.62455,0.63654,0.64755,0.65856,0.66957,0.68052,0.69054,0.70356,0.71457,0.72549,0.73656,0.75055,0.76153,0.77156,0.78255,0.79454,0.80561,0.81657,0.82756,0.83955,0.85049,0.86062,0.87256,0.88359,0.89757,0.90955,0.92055,0.9335,0.94455,0.95555,0.96654,0.9766,0.98755,0.99955
21,0.01152,0.022544,0.033566,0.045561,0.055616,0.069543,0.080561,0.092532,0.10257,0.11356,0.12656,0.13749,0.14859,0.15956,0.17156,0.18164,0.19256,0.20459,0.21853,0.22856,0.23956,0.25156,0.26362,0.27457,0.28558,0.29755,0.3076,0.31956,0.33056,0.34254,0.35456,0.36557,0.37661,0.3875,0.39857,0.40955,0.42056,0.43061,0.44157,0.45355,0.46454,0.47656,0.48756,0.49856,0.50951,0.51955,0.53354,0.54456,0.55759,0.56854,0.57956,0.59155,0.60255,0.61558,0.62754,0.6386,0.64955,0.66055,0.67254,0.68654,0.69857,0.70954,0.7205,0.73156,0.74355,0.75456,0.7646,0.77557,0.78755,0.79853,0.8096,0.82156,0.83356,0.84449,0.85556,0.86656,0.87755,0.89059,0.90257,0.91455,0.92652,0.93657,0.94862,0.96054,0.97359,0.98556,0.99653
22,0.011617,0.025546,0.037593,0.048535,0.058587,0.069561,0.080562,0.091506,0.1026,0.11358,0.12557,0.13662,0.14756,0.15854,0.16956,0.1796,0.19156,0.20356,0.21454,0.22458,0.23656,0.24854,0.25951,0.26956,0.28054,0.29156,0.30461,0.31855,0.33056,0.34151,0.35154,0.36356,0.37456,0.38661,0.39855,0.41059,0.42155,0.43355,0.44759,0.45856,0.46951,0.47954,0.49057,0.50255,0.5136,0.52456,0.53554,0.54653,0.55657,0.5676,0.57956,0.59151,0.60471,0.61667,0.62864,0.64059,0.65266,0.66356,0.67553,0.68756,0.69955,0.71156,0.72159,0.73255,0.74355,0.75454,0.76557,0.77756,0.78955,0.80052,0.81255,0.82457,0.83559,0.84955,0.86153,0.87355,0.8845,0.89556,0.90759,0.91955,0.92959,0.94154,0.95255,0.96352,0.97357,0.98555,0.99755
3,0.012579,0.024566,0.036595,0.047631,0.059577,0.070616,0.083528,0.094565,0.10657,0.11758,0.12862,0.13958,0.15156,0.16256,0.1726,0.18356,0.19558,0.20963,0.22158,0.23359,0.24455,0.26279,0.2747,0.28668,0.29969,0.31059,0.32258,0.33665,0.34858,0.36158,0.37361,0.38559,0.39659,0.40758,0.41764,0.42961,0.4417,0.45355,0.46358,0.47458,0.48558,0.49653,0.50657,0.51957,0.53258,0.54363,0.55559,0.56656,0.58054,0.59058,0.60157,0.61258,0.62353,0.63457,0.64561,0.65658,0.66862,0.67955,0.69057,0.70156,0.7136,0.72558,0.73768,0.74958,0.76161,0.77364,0.78555,0.79658,0.80757,0.8196,0.83054,0.84361,0.85556,0.86558,0.87564,0.88757,0.90157,0.91255,0.92258,0.93655,0.94958,0.95962,0.97155,0.98556,0.99653
3,0.011572,0.023583,0.035563,0.047565,0.058625,0.070562,0.08256,0.093551,0.10556,0.11754,0.12856,0.13951,0.15056,0.16456,0.17654,0.18956,0.20054,0.21058,0.22152,0.23259,0.24358,0.25754,0.26959,0.28054,0.29055,0.30157,0.31256,0.32358,0.33556,0.34751,0.35756,0.36956,0.38054,0.39149,0.40257,0.41455,0.42655,0.43756,0.44954,0.46056,0.47257,0.48461,0.49658,0.50756,0.52055,0.53155,0.54361,0.5555,0.56656,0.57855,0.59055,0.6016,0.6126,0.62357,0.63554,0.64655,0.65756,0.66958,0.68051,0.69057,0.70157,0.71256,0.7235,0.73455,0.74655,0.75955,0.77155,0.78357,0.79379,0.80549,0.81656,0.82854,0.83956,0.85059,0.86157,0.87261,0.88354,0.89557,0.90755,0.91955,0.93249,0.94353,0.95455,0.96554,0.9756,0.98753,0.99855
24,0.012515,0.023548,0.035573,0.046548,0.056608,0.06856,0.08056,0.092516,0.10255,0.11456,0.12561,0.13651,0.14755,0.15856,0.17056,0.1816,0.19357,0.20554,0.21753,0.22956,0.24056,0.25256,0.26559,0.27657,0.29057,0.3035,0.31456,0.32757,0.33854,0.3486,0.35956,0.37157,0.38252,0.39256,0.40356,0.41555,0.4275,0.43956,0.45156,0.46356,0.47459,0.48656,0.49757,0.50853,0.52054,0.53155,0.54355,0.5566,0.56856,0.58057,0.59153,0.60157,0.61356,0.62455,0.63551,0.64756,0.65856,0.67066,0.6816,0.69355,0.70554,0.7175,0.72855,0.74057,0.75255,0.7636,0.77757,0.78954,0.80052,0.81054,0.82057,0.83153,0.8445,0.85455,0.86757,0.87759,0.88863,0.90057,0.91255,0.92352,0.93455,0.94555,0.95955,0.97359,0.98553,0.99655
25,0.012577,0.024589,0.0356,0.04653,0.057582,0.069581,0.081584,0.091628,0.10357,0.11459,0.12655,0.13759,0.14958,0.16158,0.17252,0.18258,0.19461,0.20659,0.21663,0.22858,0.23956,0.25057,0.2606,0.27258,0.28562,0.29962,0.31271,0.32358,0.33568,0.34659,0.35859,0.36956,0.38053,0.39156,0.40257,0.41457,0.42562,0.43761,0.44959,0.46153,0.47158,0.48358,0.49557,0.50761,0.51956,0.53058,0.54157,0.55259,0.56456,0.57556,0.58654,0.59756,0.61056,0.62157,0.63163,0.64362,0.65457,0.66853,0.67857,0.68957,0.70058,0.71152,0.72257,0.73555,0.74658,0.75663,0.76757,0.78156,0.79355,0.80458,0.81657,0.82758,0.84062,0.85256,0.86457,0.87655,0.88855,0.90065,0.91256,0.92363,0.93457,0.94657,0.95761,0.9686,0.98056,0.99269
24,0.012644,0.023563,0.034564,0.046549,0.056585,0.068562,0.08056,0.092506,0.10356,0.11756,0.12855,0.13959,0.15056,0.16256,0.17353,0.18355,0.19558,0.20757,0.21958,0.23162,0.24372,0.25674,0.26856,0.27956,0.29058,0.3015,0.31255,0.32357,0.33456,0.3456,0.35667,0.36854,0.37954,0.38957,0.40357,0.41456,0.42761,0.43856,0.44961,0.46055,0.4706,0.48157,0.49355,0.50656,0.51854,0.53058,0.54155,0.55459,0.56557,0.57756,0.58858,0.59957,0.61055,0.62155,0.63252,0.64256,0.65357,0.66656,0.6776,0.68954,0.70055,0.71254,0.72355,0.73556,0.74656,0.7575,0.76954,0.78055,0.79455,0.80459,0.81556,0.82657,0.83752,0.84857,0.85953,0.87255,0.8856,0.89959,0.91153,0.92252,0.93256,0.94456,0.95555,0.9696,0.98055,0.99355
24,0.012573,0.024582,0.036562,0.04862,0.059559,0.070545,0.081559,0.091607,0.10256,0.11459,0.12555,0.13557,0.14659,0.15755,0.16854,0.1786,0.18965,0.20058,0.21251,0.22256,0.23457,0.24557,0.25662,0.26956,0.28156,0.29354,0.30455,0.31556,0.32656,0.3375,0.34956,0.36156,0.37256,0.38261,0.39355,0.40554,0.41661,0.42858,0.43955,0.45064,0.46152,0.47156,0.48254,0.49456,0.5076,0.51956,0.53056,0.54153,0.55257,0.56355,0.57456,0.58551,0.59554,0.60855,0.62056,0.63161,0.64256,0.65354,0.66752,0.67755,0.68856,0.70055,0.71252,0.72463,0.73656,0.74854,0.75859,0.76955,0.78155,0.79253,0.80356,0.81555,0.82655,0.83752,0.84851,0.85953,0.87055,0.88161,0.89355,0.90457,0.91653,0.92755,0.93954,0.95056,0.9625,0.97254,0.98355,0.99555
24,0.01257,0.023559,0.034564,0.047522,0.058558,0.070564,0.081553,0.091627,0.10355,0.11456,0.12755,0.13857,0.15056,0.16162,0.17252,0.18256,0.19457,0.20554,0.21861,0.23059,0.24256,0.25354,0.26455,0.27757,0.28956,0.30259,0.31356,0.32656,0.34049,0.35156,0.3616,0.37254,0.3856,0.39756,0.41155,0.4245,0.43459,0.44554,0.45656,0.46662,0.47855,0.48954,0.4996,0.51355,0.52456,0.53758,0.55061,0.56156,0.57455,0.58652,0.59655,0.60956,0.62156,0.63249,0.6436,0.65456,0.66853,0.67957,0.69158,0.70355,0.71661,0.72757,0.73854,0.75054,0.76059,0.77355,0.78554,0.7985,0.80856,0.81954,0.83056,0.8445,0.85556,0.86657,0.87753,0.88856,0.89953,0.91256,0.9235,0.93355,0.94554,0.95655,0.9666,0.97756,0.99155
22,0.012499,0.023483,0.036517,0.048473,0.062474,0.073431,0.083476,0.095456,0.10648,0.11753,0.12947,0.14348,0.15544,0.16548,0.1765,0.18748,0.19843,0.20946,0.22147,0.23347,0.24352,0.25447,0.26547,0.27746,0.28847,0.30045,0.31446,0.32541,0.33647,0.34847,0.35947,0.36951,0.38249,0.39447,0.40544,0.41847,0.42946,0.44247,0.4545,0.46748,0.47849,0.49042,0.50145,0.51346,0.52545,0.53551,0.54647,0.55748,0.57142,0.58146,0.59248,0.60447,0.61542,0.62648,0.63847,0.64947,0.66043,0.67248,0.68445,0.69545,0.70647,0.72048,0.73247,0.74451,0.75649,0.76747,0.77944,0.78948,0.80046,0.81147,0.82242,0.83446,0.84545,0.85646,0.8695,0.88046,0.89446,0.90541,0.91847,0.93046,0.94246,0.95449,0.9655,0.97646,0.98744,0.99846
24,0.01255,0.024632,0.036557,0.047556,0.058561,0.070596,0.082497,0.092584,0.10456,0.11656,0.1266,0.13856,0.15063,0.16253,0.17255,0.18455,0.19655,0.20861,0.22056,0.23263,0.24455,0.2546,0.26657,0.27861,0.29049,0.30056,0.31258,0.32455,0.33464,0.34656,0.3586,0.37052,0.38057,0.39257,0.40456,0.41663,0.42856,0.44058,0.45155,0.4626,0.47355,0.48557,0.4965,0.50656,0.51856,0.52956,0.54162,0.55357,0.5656,0.57754,0.58954,0.60154,0.61254,0.62349,0.63456,0.64557,0.65754,0.6676,0.67954,0.69166,0.70354,0.71454,0.72654,0.73756,0.7485,0.75956,0.77156,0.78354,0.79555,0.80756,0.81857,0.8295,0.83953,0.85154,0.86255,0.8756,0.88661,0.89755,0.90857,0.91866,0.92955,0.94155,0.95254,0.96257,0.97356,0.98558,0.99652
24,0.012523,0.023568,0.034579,0.045592,0.058609,0.07055,0.081569,0.092532,0.10257,0.11358,0.12557,0.13752,0.14855,0.16057,0.17264,0.18357,0.19558,0.20756,0.21953,0.23157,0.24356,0.25966,0.27057,0.28256,0.29455,0.30662,0.31858,0.33056,0.34155,0.35456,0.36458,0.37556,0.38652,0.39758,0.40859,0.41957,0.43261,0.44356,0.45556,0.46655,0.47857,0.49056,0.50257,0.5135,0.52454,0.53556,0.54754,0.55761,0.56956,0.58157,0.59352,0.60355,0.61554,0.62755,0.64061,0.65156,0.66356,0.67554,0.68756,0.69857,0.70954,0.72049,0.73156,0.74354,0.75458,0.7656,0.77756,0.78857,0.80052,0.81056,0.82156,0.83255,0.84452,0.85453,0.86555,0.87754,0.8906,0.90255,0.91455,0.92653,0.93754,0.94858,0.96056,0.97362,0.98555,0.99656
3,0.012544,0.025563,0.038604,0.050577,0.063704,0.074526,0.084545,0.097563,0.10956,0.11962,0.13056,0.14157,0.15255,0.16462,0.17555,0.18657,0.19853,0.20856,0.21956,0.23056,0.24152,0.25255,0.26455,0.27556,0.28661,0.29857,0.30956,0.32054,0.33157,0.34358,0.35556,0.3675,0.37857,0.38956,0.40056,0.4136,0.42554,0.43654,0.44752,0.45756,0.46857,0.48056,0.4935,0.50455,0.51754,0.52761,0.53957,0.55158,0.56566,0.57759,0.58959,0.6016,0.61355,0.62455,0.63556,0.64655,0.65752,0.66755,0.67955,0.69155,0.70263,0.71454,0.72556,0.73654,0.74757,0.75857,0.77056,0.78252,0.79255,0.80455,0.81655,0.8295,0.84255,0.85455,0.86651,0.87756,0.88955,0.90155,0.9116,0.92353,0.93553,0.94949,0.9606,0.97256,0.98453,0.9946
3,0.012563,0.023564,0.034543,0.045555,0.057565,0.069615,0.080509,0.091677,0.10355,0.11456,0.12461,0.13657,0.14859,0.16054,0.17256,0.18458,0.19557,0.20853,0.22055,0.23456,0.24763,0.25851,0.26856,0.28056,0.2916,0.30256,0.31456,0.32553,0.33657,0.35056,0.36154,0.37263,0.38559,0.39658,0.40755,0.41857,0.43054,0.44254,0.4555,0.46557,0.47956,0.49056,0.50159,0.51355,0.52455,0.5365,0.54754,0.56056,0.57254,0.58557,0.59657,0.60758,0.61851,0.62855,0.63857,0.65054,0.66461,0.67556,0.68657,0.69756,0.7076,0.72155,0.73159,0.74254,0.7526,0.76355,0.77455,0.78552,0.79756,0.80955,0.82055,0.83062,0.84255,0.85356,0.86558,0.87656,0.8876,0.89957,0.91252,0.92355,0.93554,0.94656,0.9566,0.96856,0.98054,0.99251
24,0.011569,0.023556,0.035582,0.046565,0.056631,0.067519,0.077557,0.089547,0.10156,0.1156,0.12656,0.13857,0.15153,0.16256,0.17357,0.18461,0.19761,0.20856,0.22056,0.23154,0.24457,0.25656,0.26754,0.2795,0.29057,0.30255,0.31263,0.3236,0.33557,0.34654,0.3586,0.37065,0.38264,0.39559,0.40764,0.41966,0.43156,0.44253,0.45255,0.46458,0.47555,0.48651,0.49856,0.50956,0.52154,0.5316,0.54356,0.55556,0.56752,0.57954,0.59057,0.60257,0.61361,0.62555,0.63654,0.64656,0.6566,0.66857,0.67954,0.69054,0.70155,0.71256,0.72355,0.73453,0.74456,0.75655,0.76955,0.78259,0.79354,0.80555,0.81758,0.82955,0.84054,0.85255,0.86461,0.87654,0.88855,0.90052,0.91155,0.92255,0.93363,0.94558,0.95757,0.96956,0.98154,0.99255
24,0.012563,0.024575,0.036564,0.047619,0.059567,0.071549,0.082536,0.093561,0.10456,0.11656,0.12752,0.13854,0.15054,0.16256,0.1746,0.18656,0.19856,0.21052,0.22156,0.23354,0.24465,0.25769,0.26956,0.28155,0.29451,0.30556,0.31557,0.32656,0.33749,0.34756,0.35856,0.36964,0.38359,0.39554,0.40556,0.41654,0.42754,0.43856,0.45156,0.46461,0.47656,0.48854,0.50152,0.51155,0.52354,0.53555,0.54661,0.55854,0.57054,0.58155,0.59458,0.60654,0.61756,0.63061,0.64155,0.65355,0.66454,0.67754,0.68855,0.70056,0.7136,0.72457,0.73655,0.74803,0.75957,0.77155,0.78253,0.79549,0.80555,0.81655,0.82855,0.83959,0.85055,0.86153,0.87254,0.88355,0.89455,0.90855,0.92049,0.93155,0.94355,0.95455,0.96559,0.97757,0.98956
24,0.012567,0.025559,0.036507,0.04765,0.059558,0.070566,0.081594,0.092563,0.10354,0.11555,0.12655,0.13755,0.14956,0.16051,0.17155,0.18355,0.19455,0.20553,0.21656,0.22756,0.23953,0.24959,0.26356,0.27556,0.2886,0.29957,0.31056,0.32157,0.33362,0.34561,0.35758,0.36964,0.38178,0.39355,0.40654,0.41757,0.42954,0.44256,0.4556,0.46955,0.48056,0.4935,0.50456,0.51857,0.53253,0.54257,0.55354,0.56454,0.57552,0.58556,0.59654,0.60755,0.62061,0.63155,0.64356,0.65455,0.66459,0.67853,0.68956,0.70061,0.71255,0.72354,0.73455,0.74561,0.75655,0.76658,0.77854,0.79155,0.80355,0.81455,0.82551,0.83654,0.84955,0.86256,0.87258,0.88356,0.89455,0.90459,0.91656,0.92853,0.94055,0.95361,0.96455,0.97555,0.98656,0.9966
25,0.012632,0.024568,0.036568,0.048544,0.05956,0.071551,0.083583,0.095659,0.10755,0.11955,0.13155,0.14256,0.15455,0.16556,0.17751,0.18756,0.20155,0.21454,0.22458,0.23556,0.24957,0.26051,0.27156,0.28356,0.29557,0.3056,0.31761,0.32956,0.34153,0.35357,0.36556,0.37756,0.3886,0.39959,0.41156,0.42253,0.43258,0.44456,0.45656,0.4675,0.47857,0.48858,0.49955,0.51051,0.52155,0.53256,0.54356,0.5546,0.56556,0.57756,0.58954,0.60155,0.61257,0.62454,0.6355,0.64656,0.65756,0.66857,0.67862,0.69056,0.70155,0.71255,0.72358,0.73455,0.74656,0.75753,0.76754,0.77856,0.79055,0.8046,0.81655,0.82854,0.84152,0.85356,0.86456,0.87654,0.88661,0.89856,0.90955,0.92056,0.93059,0.94256,0.95357,0.96551,0.97754,0.98955
24,0.012585,0.024564,0.038528,0.049549,0.060562,0.071553,0.08461,0.09656,0.10859,0.11954,0.13157,0.14557,0.15656,0.16761,0.18157,0.19356,0.20452,0.21657,0.22757,0.23857,0.24951,0.26056,0.27154,0.28454,0.29556,0.30654,0.31756,0.33151,0.34155,0.35256,0.36472,0.37678,0.38855,0.39956,0.41054,0.42058,0.43256,0.44456,0.45762,0.46856,0.47956,0.49156,0.5016,0.51358,0.52558,0.53751,0.54757,0.55855,0.56955,0.5805,0.59156,0.60358,0.61456,0.62656,0.63855,0.64957,0.66053,0.67056,0.68156,0.69355,0.70551,0.71754,0.72955,0.74155,0.7516,0.76554,0.77655,0.78752,0.79958,0.81154,0.82256,0.83262,0.84357,0.85555,0.86754,0.87855,0.89055,0.90153,0.9145,0.92455,0.93656,0.94754,0.95959,0.97056,0.98455,0.99651
4,0.012569,0.023567,0.035568,0.046531,0.058591,0.072583,0.084553,0.095576,0.10656,0.11756,0.12852,0.13859,0.15057,0.16255,0.17451,0.18561,0.19754,0.20856,0.22059,0.23256,0.24458,0.25649,0.26857,0.28054,0.29257,0.30456,0.31655,0.32658,0.33753,0.34862,0.36256,0.37455,0.38461,0.39556,0.40658,0.41853,0.43055,0.44157,0.45356,0.46661,0.47756,0.48858,0.50253,0.51256,0.52357,0.53461,0.54751,0.55858,0.56957,0.58056,0.59261,0.60457,0.61556,0.62653,0.64018,0.65157,0.66354,0.6746,0.68656,0.69855,0.71057,0.72155,0.73255,0.74455,0.75569,0.76757,0.78154,0.79253,0.80356,0.81455,0.82656,0.83752,0.84754,0.85962,0.87155,0.88249,0.89355,0.90456,0.91555,0.9256,0.93757,0.94955,0.96054,0.97155,0.98256,0.99355
4,0.012528,0.023575,0.035529,0.046544,0.057518,0.067571,0.079569,0.091565,0.10261,0.11457,0.12656,0.13853,0.14856,0.16058,0.17158,0.18252,0.19256,0.20357,0.21556,0.2286,0.24056,0.25256,0.2645,0.27456,0.28556,0.29657,0.30751,0.31856,0.32954,0.33956,0.3505,0.36056,0.3726,0.38355,0.39361,0.40456,0.41555,0.42755,0.43759,0.44859,0.46054,0.47153,0.48254,0.49654,0.50956,0.5196,0.53057,0.54255,0.55354,0.56457,0.57554,0.58655,0.5995,0.60955,0.62057,0.63156,0.6446,0.65556,0.66756,0.67953,0.69054,0.70158,0.71355,0.7266,0.73856,0.75254,0.76358,0.77553,0.78655,0.79858,0.81161,0.82355,0.83455,0.84661,0.85754,0.86953,0.88055,0.89149,0.90254,0.91355,0.92465,0.93559,0.94753,0.95855,0.97054,0.98255,0.99455
22,0.012508,0.026454,0.037473,0.050515,0.063494,0.075482,0.086445,0.099478,0.11146,0.12347,0.13352,0.14545,0.15745,0.16845,0.17947,0.19149,0.20347,0.21553,0.22748,0.23949,0.25146,0.2615,0.27247,0.28447,0.29641,0.30747,0.31845,0.33047,0.34251,0.35447,0.36647,0.37745,0.38748,0.39947,0.41147,0.42452,0.43647,0.44847,0.46243,0.47346,0.48545,0.49547,0.50641,0.51647,0.52845,0.53846,0.54952,0.56048,0.57146,0.58544,0.59647,0.60848,0.61946,0.63042,0.64145,0.65247,0.66345,0.67353,0.68447,0.69646,0.70747,0.7175,0.72846,0.73946,0.75044,0.76146,0.77246,0.78447,0.79542,0.80646,0.81746,0.82846,0.83941,0.85049,0.86447,0.87544,0.88847,0.90048,0.91246,0.92551,0.93744,0.94849,0.95945,0.96948,0.98048,0.99444
24,0.012644,0.024573,0.036514,0.047549,0.059549,0.070569,0.081601,0.093556,0.10358,0.11455,0.12658,0.13857,0.14956,0.16262,0.1736,0.18555,0.19656,0.2066,0.21755,0.22956,0.24154,0.25356,0.26456,0.2767,0.28763,0.29856,0.31055,0.32057,0.3306,0.34156,0.35358,0.36554,0.37657,0.38756,0.39857,0.41057,0.42256,0.43371,0.44556,0.45659,0.46758,0.47856,0.48955,0.49958,0.51054,0.52157,0.53353,0.54356,0.55554,0.56656,0.5775,0.5886,0.60055,0.61256,0.6226,0.63355,0.64357,0.65555,0.66658,0.67858,0.69056,0.70362,0.71456,0.72554,0.73559,0.7466,0.75756,0.76955,0.78054,0.79158,0.80255,0.81357,0.82552,0.83655,0.84756,0.85954,0.8726,0.88456,0.89657,0.90751,0.91755,0.92855,0.9406,0.95151,0.96357,0.97456,0.98654,0.9966
24,0.011539,0.02157,0.033564,0.045577,0.056506,0.067572,0.078565,0.089566,0.1006,0.11256,0.12456,0.13554,0.14556,0.15656,0.16755,0.17853,0.18856,0.20056,0.21257,0.22363,0.23557,0.24955,0.26054,0.27057,0.28156,0.29256,0.30353,0.31358,0.32454,0.33559,0.34863,0.35956,0.37056,0.38258,0.39458,0.40758,0.41956,0.43261,0.44456,0.45557,0.46755,0.48156,0.49357,0.50457,0.5156,0.52656,0.53857,0.54954,0.56257,0.5746,0.58656,0.59862,0.60956,0.62056,0.63256,0.6426,0.65654,0.66854,0.68162,0.69352,0.70358,0.71457,0.72461,0.73555,0.74656,0.75855,0.76956,0.78155,0.79259,0.80352,0.81457,0.82856,0.83954,0.85257,0.86557,0.87663,0.88751,0.89859,0.90955,0.92056,0.93161,0.94255,0.95355,0.96554,0.97855,0.98955
24,0.012716,0.024722,0.036654,0.05099,0.063109,0.073823,0.084148,0.095066,0.11,0.1282,0.13946,0.15147,0.16351,0.17546,0.18746,0.19942,0.20946,0.22047,0.23246,0.24441,0.25446,0.26546,0.27746,0.28851,0.29946,0.31046,0.32245,0.33445,0.34548,0.35746,0.3684,0.37946,0.39147,0.40344,0.41351,0.42546,0.43746,0.44844,0.45945,0.47148,0.48245,0.49339,0.50447,0.51549,0.5265,0.5395,0.55146,0.56346,0.57441,0.58445,0.59844,0.60947,0.62039,0.63046,0.64247,0.65449,0.66846,0.67848,0.69245,0.70549,0.71645,0.72845,0.74043,0.75147,0.76245,0.77345,0.78441,0.79445,0.80544,0.81744,0.8305,0.84245,0.85343,0.86543,0.87547,0.88745,0.89947,0.9104,0.92245,0.93447,0.94645,0.95649,0.96845,0.97946,0.99042
10,0.011509,0.02257,0.034606,0.046554,0.058566,0.070555,0.082559,0.093518,0.10557,0.11755,0.12855,0.13861,0.15056,0.16258,0.17353,0.18356,0.19457,0.20657,0.21752,0.23055,0.24359,0.25555,0.26862,0.28256,0.29456,0.30461,0.31662,0.32756,0.33953,0.35057,0.36156,0.37357,0.38452,0.39656,0.40756,0.41854,0.42961,0.44157,0.45254,0.46353,0.47458,0.48656,0.49756,0.50852,0.51955,0.52958,0.54156,0.55366,0.56556,0.57656,0.58756,0.5976,0.61056,0.62156,0.63252,0.64256,0.65356,0.66457,0.67552,0.68656,0.69957,0.71055,0.72063,0.73255,0.74354,0.75753,0.7696,0.78156,0.79256,0.80559,0.81656,0.83056,0.8415,0.85154,0.86556,0.8787,0.89256,0.90354,0.91554,0.92861,0.94055,0.95058,0.96255,0.97356,0.98456,0.99655
11,0.012559,0.024576,0.036549,0.048602,0.059558,0.071557,0.082538,0.093565,0.10557,0.11755,0.12849,0.13855,0.15059,0.16154,0.1726,0.18454,0.19656,0.20854,0.21958,0.23058,0.24154,0.25364,0.26557,0.27753,0.28953,0.30156,0.31359,0.32554,0.33748,0.34854,0.36053,0.37055,0.3816,0.39255,0.40455,0.41553,0.42558,0.43654,0.44955,0.4605,0.47055,0.48253,0.49457,0.50558,0.51755,0.52955,0.54152,0.55255,0.56357,0.57455,0.58649,0.59755,0.60854,0.61955,0.63064,0.64277,0.65457,0.6665,0.67654,0.68755,0.69953,0.7105,0.72056,0.73154,0.74255,0.75349,0.76553,0.77654,0.78855,0.79858,0.80955,0.82054,0.83352,0.84354,0.85459,0.86573,0.8775,0.88854,0.89955,0.91054,0.92358,0.93754,0.94953,0.9605,0.97177,0.98412,0.99553
24,0.012563,0.023614,0.03757,0.048561,0.060582,0.072519,0.084566,0.096583,0.10858,0.11959,0.13161,0.14355,0.15455,0.16656,0.17855,0.19056,0.20062,0.21256,0.22455,0.23652,0.24757,0.26057,0.27263,0.28362,0.29558,0.30756,0.31854,0.32861,0.33957,0.35156,0.36253,0.37255,0.38356,0.39457,0.40651,0.41756,0.42956,0.44154,0.45359,0.46456,0.47556,0.48654,0.49757,0.50854,0.51956,0.53052,0.54156,0.55384,0.56885,0.58385,0.59883,0.61386,0.62883,0.64383,0.65884,0.67385,0.68884,0.70383,0.71884,0.73383,0.74884,0.76383,0.77886,0.79383,0.80883,0.82384,0.83884,0.85384,0.86885,0.88384,0.8998,0.90985,0.92084,0.93589,0.95084,0.96584,0.97956,0.99049
25,0.012596,0.024529,0.035577,0.047563,0.059549,0.069615,0.081564,0.092545,0.10358,0.11557,0.12756,0.13856,0.1505,0.16156,0.17257,0.18456,0.19562,0.20761,0.22156,0.23252,0.24356,0.25458,0.26655,0.27762,0.28955,0.30058,0.31255,0.32356,0.33976,0.35169,0.3637,0.37665,0.38861,0.40054,0.41258,0.42356,0.43555,0.4456,0.45756,0.46956,0.48151,0.49155,0.50256,0.51456,0.5286,0.54056,0.55255,0.56353,0.57556,0.58654,0.59754,0.6085,0.61954,0.63056,0.64256,0.6536,0.66756,0.67854,0.6905,0.70156,0.71356,0.72556,0.7366,0.74854,0.76054,0.77251,0.78455,0.79655,0.80856,0.81861,0.83057,0.84255,0.85355,0.86456,0.87655,0.88855,0.8996,0.91156,0.92356,0.93555,0.94559,0.95655,0.96857,0.98052,0.99255
26,0.01258,0.023584,0.034577,0.04463,0.056586,0.068541,0.078584,0.089603,0.10159,0.11279,0.12453,0.13658,0.14857,0.15958,0.17058,0.1816,0.19357,0.20753,0.21856,0.22958,0.24057,0.25362,0.26458,0.27559,0.28756,0.29958,0.31064,0.32158,0.33257,0.34457,0.35459,0.36559,0.37663,0.3876,0.39858,0.41157,0.42258,0.435,0.4467,0.45862,0.47067,0.48272,0.49455,0.50561,0.51758,0.52957,0.54053,0.55258,0.56356,0.57359,0.58463,0.59558,0.60757,0.61858,0.62861,0.64059,0.65258,0.66454,0.67556,0.68656,0.69856,0.70963,0.72159,0.73357,0.74556,0.75559,0.76758,0.77961,0.79052,0.80157,0.81256,0.82457,0.83562,0.84757,0.85957,0.87055,0.88058,0.89257,0.90457,0.91652,0.92657,0.93857,0.95057,0.96062,0.97159,0.98302,0.99456
27,0.012564,0.023564,0.034503,0.045563,0.056861,0.067573,0.077621,0.091669,0.10358,0.11552,0.12559,0.13757,0.14956,0.16062,0.17257,0.18356,0.19752,0.20756,0.21956,0.23062,0.24252,0.25356,0.26458,0.27557,0.2866,0.29856,0.30955,0.32152,0.33158,0.34356,0.35456,0.36552,0.37654,0.38853,0.40056,0.41061,0.42256,0.43456,0.44554,0.45657,0.46757,0.48157,0.4925,0.50356,0.51555,0.52756,0.5376,0.54954,0.56156,0.57352,0.58456,0.59556,0.60756,0.61861,0.62957,0.64156,0.65354,0.66654,0.67655,0.68756,0.69851,0.70954,0.72256,0.73457,0.74461,0.75555,0.76655,0.77755,0.78858,0.80055,0.81155,0.82252,0.83455,0.84458,0.85556,0.8696,0.88157,0.89254,0.90354,0.91457,0.92555,0.93755,0.94867,0.96055,0.97256,0.98453,0.99757
16,0.012524,0.024578,0.036567,0.048557,0.0586,0.070578,0.082571,0.093542,0.10457,0.11856,0.12955,0.13962,0.15062,0.16255,0.17258,0.18261,0.19356,0.20557,0.21654,0.22955,0.24354,0.25356,0.26462,0.27874,0.28955,0.30055,0.31156,0.32356,0.33557,0.34649,0.35857,0.36962,0.38166,0.39357,0.40558,0.41756,0.42954,0.44156,0.45354,0.46556,0.47657,0.48756,0.49956,0.5115,0.52256,0.53354,0.54456,0.55549,0.56656,0.57857,0.59055,0.60156,0.61256,0.62656,0.63751,0.64856,0.65957,0.67156,0.68161,0.69355,0.70454,0.71554,0.72757,0.73858,0.75056,0.76151,0.77354,0.78555,0.79756,0.8076,0.81954,0.83154,0.84254,0.85354,0.86455,0.87557,0.88651,0.89756,0.90954,0.92158,0.93259,0.94454,0.95558,0.96654,0.97755,0.98855
17,0.012555,0.023566,0.035566,0.046577,0.057526,0.068563,0.080558,0.091569,0.10262,0.11457,0.12557,0.13655,0.1466,0.15856,0.16955,0.18152,0.19155,0.20256,0.21566,0.22762,0.23958,0.25158,0.26255,0.27358,0.28456,0.29556,0.30653,0.31655,0.32755,0.33956,0.35051,0.36156,0.37356,0.38456,0.39461,0.40556,0.41559,0.42953,0.44055,0.4506,0.46156,0.47351,0.48556,0.49655,0.50756,0.5186,0.52955,0.54256,0.55355,0.56458,0.57556,0.58755,0.59852,0.60856,0.62057,0.63254,0.64362,0.65557,0.66755,0.68052,0.69157,0.70355,0.71557,0.72759,0.73856,0.75056,0.76254,0.77355,0.78557,0.79756,0.8095,0.82055,0.83255,0.84454,0.85459,0.86655,0.87856,0.8905,0.90155,0.91255,0.92355,0.93461,0.94555,0.95757,0.96855,0.9786,0.98956
30,0.012565,0.023527,0.035548,0.046549,0.057585,0.069594,0.080573,0.092563,0.10454,0.11557,0.12758,0.13957,0.15162,0.16355,0.17457,0.18557,0.19758,0.20956,0.2216,0.23251,0.24354,0.25456,0.26755,0.2786,0.29056,0.30257,0.31453,0.32556,0.33757,0.34956,0.3626,0.37358,0.38556,0.39654,0.40755,0.41858,0.43056,0.4425,0.45257,0.46462,0.47654,0.4866,0.49861,0.50957,0.52054,0.53156,0.54256,0.55455,0.56655,0.57756,0.58856,0.59957,0.60962,0.62156,0.63349,0.64454,0.65557,0.66655,0.67855,0.68952,0.70157,0.71356,0.72556,0.73561,0.74757,0.75855,0.77054,0.78156,0.79257,0.80455,0.81749,0.82856,0.84062,0.85253,0.86358,0.87555,0.88655,0.89851,0.90856,0.92053,0.93057,0.94249,0.95353,0.96355,0.97455,0.98659,0.99755
31,0.012563,0.024543,0.036559,0.048593,0.059557,0.070572,0.081528,0.091563,0.10258,0.11457,0.12762,0.13957,0.15058,0.16256,0.17357,0.18457,0.19657,0.20753,0.21857,0.23058,0.24259,0.25263,0.26362,0.27555,0.28655,0.2986,0.30961,0.32057,0.33154,0.34259,0.35457,0.36682,0.37961,0.39157,0.40355,0.41652,0.42759,0.43957,0.45155,0.46162,0.47258,0.48456,0.49655,0.50758,0.51856,0.53057,0.5415,0.55257,0.56456,0.57656,0.58662,0.59758,0.60858,0.61956,0.6296,0.64056,0.65156,0.66354,0.67358,0.6856,0.69787,0.70852,0.71955,0.73056,0.74157,0.7546,0.76656,0.77857,0.79059,0.80158,0.81357,0.82456,0.8376,0.84956,0.86056,0.87153,0.88156,0.89256,0.90452,0.91658,0.92855,0.94255,0.95453,0.9646,0.97559,0.98656,0.99753
32,0.012569,0.024567,0.034622,0.046548,0.058549,0.069554,0.080562,0.09256,0.10357,0.11453,0.12557,0.13956,0.14957,0.15961,0.17061,0.18256,0.19354,0.20459,0.21655,0.22757,0.23953,0.25056,0.26256,0.27355,0.2866,0.29856,0.30955,0.32055,0.33157,0.34356,0.35454,0.36761,0.37957,0.39056,0.40156,0.41161,0.42354,0.43657,0.44851,0.45956,0.47156,0.48354,0.4936,0.50557,0.51654,0.5275,0.53754,0.55157,0.56354,0.57661,0.58855,0.59955,0.61352,0.62557,0.63656,0.64754,0.6606,0.67255,0.68355,0.69454,0.70557,0.71756,0.72958,0.7405,0.75254,0.76355,0.77456,0.7846,0.79557,0.80755,0.81854,0.82957,0.84155,0.85356,0.86451,0.87557,0.88756,0.89956,0.9096,0.92155,0.93357,0.94454,0.95555,0.96653,0.97756,0.9885,0.99854
33,0.012565,0.023553,0.034575,0.045567,0.057563,0.068521,0.080565,0.092562,0.10556,0.1166,0.12859,0.13955,0.15053,0.16057,0.17154,0.18257,0.19351,0.20454,0.21759,0.23154,0.24256,0.25356,0.26556,0.27751,0.28855,0.29857,0.30958,0.3226,0.33556,0.34749,0.35754,0.36868,0.37955,0.39154,0.40461,0.41656,0.42658,0.43854,0.45155,0.46357,0.47455,0.48551,0.49557,0.50655,0.51756,0.52959,0.54056,0.55255,0.56651,0.57655,0.58755,0.59858,0.6115,0.62256,0.63355,0.64554,0.65559,0.66656,0.67857,0.69053,0.70155,0.71254,0.72256,0.73353,0.74361,0.75455,0.76555,0.77849,0.78957,0.80157,0.81255,0.82259,0.83654,0.84755,0.85852,0.86856,0.87956,0.89055,0.90361,0.91456,0.92656,0.94053,0.95056,0.96163,0.97354,0.98454,0.99655
34,0.012549,0.023547,0.034551,0.045565,0.057546,0.068533,0.078567,0.089577,0.10057,0.1136,0.12558,0.13756,0.14852,0.15957,0.17158,0.18255,0.19561,0.20754,0.22056,0.23154,0.24156,0.25365,0.26456,0.27651,0.28756,0.29956,0.31056,0.32061,0.33257,0.34455,0.35555,0.36756,0.37958,0.39056,0.40151,0.41255,0.42454,0.43554,0.44561,0.45656,0.46756,0.47954,0.4906,0.50258,0.51456,0.52551,0.53656,0.54756,0.55856,0.56962,0.58056,0.59156,0.60256,0.6136,0.62556,0.63755,0.64951,0.65954,0.67055,0.68256,0.69462,0.70656,0.71957,0.73153,0.74256,0.7536,0.76556,0.77652,0.78756,0.79961,0.81154,0.82358,0.83555,0.84756,0.86049,0.87155,0.88354,0.89554,0.90856,0.92055,0.93255,0.9456,0.95753,0.96857,0.98053,0.99155
